{"cameraMode":{"drawMode":0,"name":"Shaded","section":"Shading Mode"},"sceneLighting":false,"audioPlay":false,"sceneViewState":{"showFog":true,"showMaterialUpdate":false,"showSkybox":true,"showFlares":true,"showImageEffects":true,"showParticleSystems":true},"in2DMode":false,"pivot":{"x":335.8271484375,"y":86.08428955078125,"z":166.051513671875},"rotation":{"x":0.02999514900147915,"y":-0.008995954878628254,"z":0.00026988255558535457,"w":0.9995095729827881},"size":2295.108642578125,"orthographic":false}