{"cameraMode":{"drawMode":0,"name":"Shaded","section":"Shading Mode"},"sceneLighting":false,"audioPlay":false,"sceneViewState":{"showFog":true,"showMaterialUpdate":false,"showSkybox":true,"showFlares":true,"showImageEffects":true,"showParticleSystems":true},"in2DMode":false,"pivot":{"x":-0.00027545541524887085,"y":0.07349711656570435,"z":-0.04895821958780289},"rotation":{"x":-0.001063465140759945,"y":0.9977847933769226,"z":-0.06444655358791352,"w":-0.016464943066239358},"size":0.4280168116092682,"orthographic":false}