{"cameraMode":{"drawMode":0,"name":"Shaded","section":"Shading Mode"},"sceneLighting":false,"audioPlay":false,"sceneViewState":{"showFog":true,"showMaterialUpdate":false,"showSkybox":true,"showFlares":true,"showImageEffects":true,"showParticleSystems":true},"in2DMode":false,"pivot":{"x":0.0070688724517822269,"y":0.0974721908569336,"z":-1.5794241428375245},"rotation":{"x":0.4157521724700928,"y":-0.10736184567213059,"z":0.049498554319143298,"w":0.9017613530158997},"size":5.484499931335449,"orthographic":false}