{"cameraMode":{"drawMode":0,"name":"Shaded","section":"Shading Mode"},"sceneLighting":false,"audioPlay":false,"sceneViewState":{"showFog":true,"showMaterialUpdate":false,"showSkybox":true,"showFlares":true,"showImageEffects":true,"showParticleSystems":true},"in2DMode":false,"pivot":{"x":-403.56884765625,"y":400.8511962890625,"z":169.31591796875},"rotation":{"x":0.01799881085753441,"y":-0.01049802079796791,"z":0.0001889357517939061,"w":0.999782919883728},"size":1051.02734375,"orthographic":false}