{"cameraMode":{"drawMode":0,"name":"Shaded","section":"Shading Mode"},"sceneLighting":true,"audioPlay":false,"sceneViewState":{"showFog":true,"showMaterialUpdate":false,"showSkybox":true,"showFlares":true,"showImageEffects":true,"showParticleSystems":true},"in2DMode":false,"pivot":{"x":0.00018975511193275452,"y":-0.010641805827617646,"z":0.0},"rotation":{"x":0.38159048557281496,"y":0.6005995273590088,"z":-0.3939239978790283,"w":0.5818012952804565},"size":0.09527593851089478,"orthographic":true}