{"cameraMode":{"drawMode":0,"name":"Shaded","section":"Shading Mode"},"sceneLighting":false,"audioPlay":false,"sceneViewState":{"showFog":true,"showMaterialUpdate":false,"showSkybox":true,"showFlares":true,"showImageEffects":true,"showParticleSystems":true},"in2DMode":false,"pivot":{"x":481.6360168457031,"y":165.1250762939453,"z":45.220947265625},"rotation":{"x":0.08983025699853897,"y":0.032860446721315387,"z":-0.0029655389953404667,"w":0.9954104423522949},"size":2102.353759765625,"orthographic":false}